{

	"username":"siteadmin",
	"password":"YourPassword",
	"encrypted":"false",
	"f":"json",
	"configStoreConnection"= {
		"type": "FILESYSTEM",
		"connectionString": "/data/esri/arcgis/server/usr/config-store/",
		"localRepositoryPath": "/data/esri/arcgis/server/usr/local/"},
	"directories":[{
				"name": "arcgiscache",
				"physicalPath": "/data/esri/arcgis/server/usr/directories/arcgiscache",
				"directoryType": "CACHE",
				"cleanupMode": "NONE",
				"maxFileAge": 0,
				"description": "Stores tile caches used by map, globe, and image services for rapid performance."
			},
			{
				"name": "arcgisjobs",
				"physicalPath": "/data/esri/arcgis/server/usr/directories/arcgisjobs",
				"directoryType": "JOBS",
				"cleanupMode": "TIME_ELAPSED_SINCE_LAST_MODIFIED",
				"maxFileAge": 360,
				"description": "Stores results and other information from geoprocessing services."
			},
			{
				"name": "arcgisoutput",
				"physicalPath": "/data/esri/arcgis/server/usr/directories/arcgisoutput",
				"directoryType": "OUTPUT",
				"cleanupMode": "TIME_ELAPSED_SINCE_LAST_MODIFIED",
				"maxFileAge": 10,
				"description": "Stores various information generated by services, such as map images."
			},
			{
				"name": "arcgissystem",
				"physicalPath": "/data/esri/arcgis/server/usr/directories/arcgissystem",
				"directoryType": "SYSTEM",
				"cleanupMode": "NONE",
				"maxFileAge": 0,
				"description": "Stores directories and files used internally by ArcGIS Server."
			}
		]}